gender,injection_structures,injection_volume,injection_x,injection_y,injection_z,product_id,specimen_name,strain,structure_abbrev,structure_id,structure_name,transgenic_line,transgenic_line_id,id,primary_injection_structure
M,[385],0.3752175784,8850,1440,3550,36,Emx1-IRES-Cre-212542,,VISp,385,Primary visual area,Emx1-IRES-Cre,177836119.0,500836840,385
M,"[385, 409]",0.6636360864,9230,1910,8430,5,C57BL/6-152922,C57BL/6J,VISp,385,Primary visual area,,,307297141,385
F,[385],0.1254239476,8690,900,8110,5,Cux2-IRES-Cre-288,C57BL/6J,VISp,385,Primary visual area,Cux2-IRES-Cre,177839022.0,272821309,385
M,"[385, 409, 425, 894]",1.614223072,8460,1630,2340,36,Emx1-IRES-Cre-234272,,VISp,385,Primary visual area,Emx1-IRES-Cre,177836119.0,512315551,385
M,[385],0.03165346345,9230,1390,3070,36,Tlx3-Cre_PL56-232871,,VISp,385,Primary visual area,Tlx3-Cre_PL56,265180449.0,510581751,385
M,[385],0.1492781864,9480,1360,8590,5,Cort-T2A-Cre-126,,VISp,385,Primary visual area,Cort-T2A-Cre,177838259.0,167375352,385
M,"[385, 879, 894]",0.0207786656,9600,1260,3800,35,Rbp4-Cre_KL100-363600,,VISp,385,Primary visual area,Rbp4-Cre_KL100,177838435.0,657046319,385
M,[385],0.002349125078125,8830,1040,3440,42,Ai75(RCL-nT)-199825,,VISp,385,Primary visual area,Ai75(RCL-nT),299863660.0,485553574,385
F,[385],0.02099990795,8150,1040,8020,5,A930038C07Rik-Tg1-Cre-123231,C57BL/6J,VISp,385,Primary visual area,A930038C07Rik-Tg1-Cre,177838542.0,298351630,385
M,"[385, 409]",0.1241475858,9000,2000,2620,35,Cux2-IRES-Cre-239316,,VISp,385,Primary visual area,Cux2-IRES-Cre,177839022.0,517962038,385
M,"[382, 385, 502, 484682470]",0.03056856425,8770,1350,2710,35,Scnn1a-Tg3-Cre-328434,,VISp,385,Primary visual area,Scnn1a-Tg3-Cre,177837516.0,604581497,385
M,[385],0.0710505586,9380,1120,8440,5,Oxtr-T2A-Cre;Ai14-318594,unknown,VISp,385,Primary visual area,Oxtr-T2A-Cre,301021674.0,596828910,385
M,"[382, 385, 417, 533, 312782546]",0.5453169624,7800,1240,3570,36,Emx1-IRES-Cre-321463,,VISp,385,Primary visual area,Emx1-IRES-Cre,177836119.0,598605738,385
M,"[385, 409]",0.0299190962,8850,1490,2260,36,Scnn1a-Tg3-Cre-195224,,VISp,385,Primary visual area,Scnn1a-Tg3-Cre,177837516.0,482639810,385
F,"[385, 425, 879, 894, 484682508]",0.106491112,9770,2000,3390,36,Rbp4-Cre_KL100-332692,,VISp,385,Primary visual area,Rbp4-Cre_KL100,177838435.0,606929366,385
M,"[385, 417]",0.4078438168,7900,1380,8470,5,378-1141,C57BL/6J,VISp,385,Primary visual area,,,113887162,385
M,[385],0.0894824084,8110,1180,3400,36,Cux2-IRES-Cre-214776,,VISp,385,Primary visual area,Cux2-IRES-Cre,177839022.0,501117182,385
M,"[385, 409, 425, 312782574, 312782628]",0.814006032,9290,2220,9410,5,378-1815,C57BL/6J,VISp,385,Primary visual area,,,180296424,385
F,"[385, 533]",0.003658431875,7980,1100,3470,36,A930038C07Rik-Tg1-Cre-299926,,VISp,385,Primary visual area,A930038C07Rik-Tg1-Cre,177838542.0,579628905,385
M,[385],0.0364038052,9560,1550,3190,35,Tlx3-Cre_PL56-252236,,VISp,385,Primary visual area,Tlx3-Cre_PL56,265180449.0,528963991,385
F,"[385, 425, 879, 894, 484682508]",0.2014761616,10070,1970,8240,5,Drd3-Cre_KI196-130851,,VISp,385,Primary visual area,Drd3-Cre_KI196,266649644.0,298759552,385
F,[385],0.0450994873,8680,1690,2930,35,Ntsr1-Cre_GN220-261410,,VISp,385,Primary visual area,Ntsr1-Cre_GN220,177837713.0,543679575,385
F,[385],0.0054353733875,9660,1400,8050,5,Chrna2-Cre_OE25-132664,FVB.CD1(ICR),VISp,385,Primary visual area,Chrna2-Cre_OE25,182693192.0,299781566,385
F,[385],0.0244599915,9100,1130,8400,5,Scnn1a-Tg3-Cre-4781,B6.C3H,VISp,385,Primary visual area,Scnn1a-Tg3-Cre,177837516.0,166269819,385
M,"[385, 409]",0.047368496,8770,1680,3000,42,Ai75(T601)-284175,,VISp,385,Primary visual area,Ai75(RCL-nT),299863660.0,561918904,385
M,[385],0.044148902,9220,1860,2990,35,Emx1-IRES-Cre-244142,,VISp,385,Primary visual area,Emx1-IRES-Cre,177836119.0,522409371,385
M,"[385, 417, 312782546]",0.00233705101875,7730,1210,3250,36,A930038C07Rik-Tg1-Cre-241723,,VISp,385,Primary visual area,A930038C07Rik-Tg1-Cre,177838542.0,519488493,385
M,"[385, 879, 886, 894]",0.013654659725,9500,1020,3830,36,A930038C07Rik-Tg1-Cre-241721,,VISp,385,Primary visual area,A930038C07Rik-Tg1-Cre,177838542.0,519486602,385
F,[385],0.0936635098,8950,1530,3230,42,Ai75(T601)-266061,C57BL/6J,VISp,385,Primary visual area,Ai75(RCL-nT),299863660.0,546389260,385
F,[385],0.0437422706,8520,890,8130,5,Scnn1a-Tg3-Cre-4824,B6.C3H,VISp,385,Primary visual area,Scnn1a-Tg3-Cre,177837516.0,182089608,385
F,"[385, 409]",0.2073077692,9200,2160,2590,36,Emx1-IRES-Cre-194297,B6.129,VISp,385,Primary visual area,Emx1-IRES-Cre,177836119.0,479981981,385
M,"[385, 533]",0.0324014362,8220,1170,7980,5,Chrna2-Cre_OE25-123212,FVB.CD1(ICR),VISp,385,Primary visual area,Chrna2-Cre_OE25,182693192.0,297597186,385
F,"[385, 409, 425, 843, 926]",0.001198397440625,9750,2000,2530,36,A930038C07Rik-Tg1-Cre-270160,,VISp,385,Primary visual area,A930038C07Rik-Tg1-Cre,177838542.0,552544043,385
F,"[385, 894]",0.0097904321375,9540,1600,2900,36,A930038C07Rik-Tg1-Cre-231780,,VISp,385,Primary visual area,A930038C07Rik-Tg1-Cre,177838542.0,508889322,385
M,"[385, 894]",0.0094288684875,9790,1640,8430,5,Slc17a8-IRES2-Cre-288366,unknown,VISp,385,Primary visual area,Slc17a8-IRES2-Cre,310459452.0,564356750,385
F,"[385, 533]",0.1773006396,8370,610,3720,35,Cux2-IRES-Cre-239317,,VISp,385,Primary visual area,Cux2-IRES-Cre,177839022.0,517962765,385
M,[385],0.0968017148,8750,1220,3940,35,Emx1-IRES-Cre-226609,,VISp,385,Primary visual area,Emx1-IRES-Cre,177836119.0,502966396,385
M,[385],0.0101814797,9540,1400,8500,5,Gpr26-Cre-42,,VISp,385,Primary visual area,Gpr26-Cre_KO250,177839285.0,181601101,385
M,[385],0.03930505845,9060,1340,3420,35,Tlx3-Cre_PL56-259156,,VISp,385,Primary visual area,Tlx3-Cre_PL56,265180449.0,540146149,385
F,[385],0.0749521885,10070,1250,8240,5,Plxnd1-Cre-133039,,VISp,385,Primary visual area,Plxnd1-Cre_OG1,183941572.0,299859225,385
F,"[385, 879, 894]",0.0395584105,9530,1650,3600,36,Ntsr1-Cre_GN220-280242,,VISp,385,Primary visual area,Ntsr1-Cre_GN220,177837713.0,560799305,385
M,"[385, 533]",0.03615133515,8720,1110,3840,42,Ai75(T601)-204723,,VISp,385,Primary visual area,Ai75(RCL-nT),299863660.0,495877413,385
F,[385],0.004823735175,8860,1280,3180,42,Ai75(T601)-286685,unknown,VISp,385,Primary visual area,Ai75(RCL-nT),299863660.0,563352720,385
F,[385],0.0303672257,9530,1290,3130,42,Ai75(T601)-204065,C57BL/6J,VISp,385,Primary visual area,Ai75(RCL-nT),299863660.0,495346667,385
F,"[385, 894]",0.0691102272,9480,1760,3340,35,Ntsr1-Cre_GN220-261411,,VISp,385,Primary visual area,Ntsr1-Cre_GN220,177837713.0,544488252,385
M,"[385, 394, 533, 312782546]",0.007525482475,7860,1120,3370,35,A930038C07Rik-Tg1-Cre-306723,,VISp,385,Primary visual area,A930038C07Rik-Tg1-Cre,177838542.0,584511119,385
M,[385],0.0309824697,9580,990,8000,5,Oxtr-Cre_ON66-121548,FVB.CD1(ICR),VISp,385,Primary visual area,Oxtr-Cre_ON66,182761918.0,294312537,385
M,[385],0.013660676925,9490,1120,8370,5,Crh-IRES-Cre-302,C57BL/6J,VISp,385,Primary visual area,Crh-IRES-Cre_BL,177837834.0,266836749,385
F,[385],0.1607514972,9320,1890,3010,36,Emx1-IRES-Cre-212543,,VISp,385,Primary visual area,Emx1-IRES-Cre,177836119.0,500837552,385
F,[385],0.1529364774,9350,1720,2940,36,Cux2-IRES-Cre-230159,C57BL/6J,VISp,385,Primary visual area,Cux2-IRES-Cre,177839022.0,506891241,385
F,[385],0.01117183585,7990,1220,3100,35,Sim1-Cre_KJ18-324772,,VISp,385,Primary visual area,Sim1-Cre_KJ18,177837777.0,602094339,385
F,[385],0.00379570629375,8750,1170,3240,42,Ai75(T601)-207198,,VISp,385,Primary visual area,Ai75(RCL-nT),299863660.0,502592260,385
F,[385],0.1685982004,8510,1540,8190,5,Ntsr1-Cre-3566,C57BL/6J,VISp,385,Primary visual area,Ntsr1-Cre_GN220,177837713.0,159550125,385
F,[385],0.1259225422,8840,1050,8430,5,Scnn1a-Tg3-Cre-4789,B6.C3H,VISp,385,Primary visual area,Scnn1a-Tg3-Cre,177837516.0,166326736,385
M,[385],0.0442807953,9860,1290,8220,5,Scnn1a-Tg3-Cre-4860,B6.C3H,VISp,385,Primary visual area,Scnn1a-Tg3-Cre,177837516.0,184074388,385
M,[385],0.0153661158,9870,1310,8230,5,Nr5a1-Cre-2521,B6.FVB,VISp,385,Primary visual area,Nr5a1-Cre,177839331.0,266100645,385
M,[385],0.0735476182,9440,1220,8630,5,378-874,C57BL/6J,VISp,385,Primary visual area,,,100147853,385
M,"[385, 409]",0.8053739568,8930,1810,8450,5,C57BL/6-152924,C57BL/6J,VISp,385,Primary visual area,,,307321674,385
M,[385],0.0161658693,9440,1320,8340,5,Rorb-IRES2-Cre-neo-347763,,VISp,385,Primary visual area,Rorb-IRES2-Cre-neo,517749378.0,648051857,385
M,"[385, 425]",0.2434185348,9470,2070,2840,36,Emx1-IRES-Cre-296888,unknown,VISp,385,Primary visual area,Emx1-IRES-Cre,177836119.0,574941472,385
M,[385],0.060788077,8710,1020,8340,5,Rbp4-Cre_KL100-128401,C57BL/6J,VISp,385,Primary visual area,Rbp4-Cre_KL100,177838435.0,294482052,385
M,[385],0.0675711568,9010,1690,3200,35,Ntsr1-Cre_GN220-187357,,VISp,385,Primary visual area,Ntsr1-Cre_GN220,177837713.0,478257959,385
M,[385],0.0978884564,8670,1410,3110,35,Rbp4-Cre_KL100-253238,,VISp,385,Primary visual area,Rbp4-Cre_KL100,177838435.0,530574594,385
M,"[385, 409]",0.102772649,9140,1840,2630,35,Rbp4-Cre_KL100-253236,,VISp,385,Primary visual area,Rbp4-Cre_KL100,177838435.0,530555292,385
M,[385],0.2089061884,8510,1540,8190,5,C57BL/6-144798,C57BL/6J,VISp,385,Primary visual area,,,304586645,385
M,"[385, 879, 894]",0.1580234418,9330,1670,3330,35,Cux2-IRES-Cre-247057,C57BL/6J,VISp,385,Primary visual area,Cux2-IRES-Cre,177839022.0,526502209,385
M,[385],0.0431919663,9040,1440,3260,35,Rbp4-Cre_KL100-195016,,VISp,385,Primary visual area,Rbp4-Cre_KL100,177838435.0,482578964,385
M,[385],0.0007806443421875,9010,1440,3750,42,Ai75(T601)-248508,,VISp,385,Primary visual area,Ai75(RCL-nT),299863660.0,526784559,385
M,[385],0.03348199645,9430,1480,2850,35,A930038C07Rik-Tg1-Cre-242566,,VISp,385,Primary visual area,A930038C07Rik-Tg1-Cre,177838542.0,520985971,385
M,[385],0.103709921,9980,1420,8360,5,Ntsr1-Cre_GN220-123373,C57BL/6J,VISp,385,Primary visual area,Ntsr1-Cre_GN220,177837713.0,297629282,385
M,"[385, 409]",1.0584762832,8740,1590,8140,5,C57BL/6-153763,C57BL/6J,VISp,385,Primary visual area,,,307558646,385
F,[385],0.0206600562,8720,1570,8370,5,Efr3a-Cre_NO108-122553,FVB.CD1(ICR),VISp,385,Primary visual area,Efr3a-Cre_NO108,182761781.0,298350212,385
M,[385],0.5142510016,9340,1860,8300,5,C57BL/6-152923,C57BL/6J,VISp,385,Primary visual area,,,307320960,385
M,[385],0.0017588501,8590,1130,8070,5,Slc17a8-IRES2-Cre-336351,,VISp,385,Primary visual area,Slc17a8-IRES2-Cre,310459452.0,623289575,385
M,[385],0.0563692276,9500,950,8320,5,Htr3a-Cre_NO152-145246,,VISp,385,Primary visual area,Htr3a-Cre_NO152,298341195.0,305489377,385
M,[385],0.1720099136,8740,1540,8020,5,Rbp4-Cre_KL100-245,C57BL/6J,VISp,385,Primary visual area,Rbp4-Cre_KL100,177838435.0,266250195,385
M,[385],0.1073505916,8520,1090,7930,5,A930038C07Rik-Tg1-Cre-3796,C57BL/6J,VISp,385,Primary visual area,A930038C07Rik-Tg1-Cre,177838542.0,166324604,385
M,[385],0.0142754591,9440,1230,7990,5,Tlx3-Cre-125625,,VISp,385,Primary visual area,Tlx3-Cre_PL56,265180449.0,297593235,385
F,[385],0.01708920815,9240,1810,3110,36,Ntsr1-Cre_GN220-235603,,VISp,385,Primary visual area,Ntsr1-Cre_GN220,177837713.0,514314707,385
M,[385],0.017221837675,9040,1530,8090,5,Syt6-Cre-601,C57BL/6J,VISp,385,Primary visual area,Syt6-Cre_KI148,177839216.0,156784823,385
M,[385],0.0303851891,8650,1380,3140,36,Tlx3-Cre_PL56-244757,B6.FVB,VISp,385,Primary visual area,Tlx3-Cre_PL56,265180449.0,522408611,385
M,[385],0.0306428409,8540,750,7690,5,Nr5a1-Cre-2446,B6.FVB,VISp,385,Primary visual area,Nr5a1-Cre,177839331.0,177781006,385
M,[385],0.03720122875,8050,1170,3450,35,Tlx3-Cre_PL56-319677,,VISp,385,Primary visual area,Tlx3-Cre_PL56,265180449.0,596252304,385
M,[385],0.00220751829375,9020,1290,3120,42,Ai75(RCL-nT)-237409,,VISp,385,Primary visual area,Ai75(RCL-nT),299863660.0,515920693,385
M,[385],0.0843142608,8210,1400,3400,35,Ntsr1-Cre_GN220-257920,,VISp,385,Primary visual area,Ntsr1-Cre_GN220,177837713.0,539739321,385
F,"[385, 409, 425]",0.0276260677,9860,2020,9010,5,Scnn1a-Tg3-Cre-4871,B6.C3H,VISp,385,Primary visual area,Scnn1a-Tg3-Cre,177837516.0,257667118,385
M,[385],0.1036669774,8050,750,8300,5,Pvalb-T2A-CreERT2-337653,,VISp,385,Primary visual area,Pvalb-T2A-CreERT2,177838104.0,638313933,385
M,"[385, 409]",0.5686671088,8810,1890,8690,5,C57BL/6-153764,C57BL/6J,VISp,385,Primary visual area,,,307743253,385
M,"[385, 425, 894, 1037]",0.01916116825,9560,1480,2910,42,Ai75(T601)-256769,C57BL/6J,VISp,385,Primary visual area,Ai75(RCL-nT),299863660.0,539514325,385
F,[385],0.016397721375,8380,1130,3380,36,Rbp4-Cre_KL100-227921,,VISp,385,Primary visual area,Rbp4-Cre_KL100,177838435.0,503809372,385
M,"[385, 409, 425]",0.04103320025,9470,2090,8880,5,Penk-IRES2-Cre-neo-302797,,VISp,385,Primary visual area,Penk-IRES2-Cre-neo,298725927.0,586054033,385
M,[385],0.0801850847,8350,1210,3600,35,Cux2-IRES-Cre-246905,,VISp,385,Primary visual area,Cux2-IRES-Cre,177839022.0,524656772,385
M,[385],0.0059079391875,9370,1320,3350,36,A930038C07Rik-Tg1-Cre-186365,,VISp,385,Primary visual area,A930038C07Rik-Tg1-Cre,177838542.0,478257195,385
F,"[385, 533, 879, 894]",0.0774230968,9700,960,7200,5,Cux2-IRES-Cre-122234,C57BL/6J,VISp,385,Primary visual area,Cux2-IRES-Cre,177839022.0,294484177,385
M,"[385, 402, 409, 417]",0.0287673463,8310,1310,8970,5,Nr5a1-Cre-2458,B6.FVB,VISp,385,Primary visual area,Nr5a1-Cre,177839331.0,176882966,385
F,[385],0.015978617025,8490,1030,8070,5,Slc17a8-iCre-350811,,VISp,385,Primary visual area,Slc17a8-iCre,177837563.0,648318728,385
F,[385],0.0449954064,8500,830,8380,5,Tlx3-Cre-124475,,VISp,385,Primary visual area,Tlx3-Cre_PL56,265180449.0,297592527,385
M,[385],0.0149129834,8980,1200,3300,36,A930038C07Rik-Tg1-Cre-306720,,VISp,385,Primary visual area,A930038C07Rik-Tg1-Cre,177838542.0,584507699,385
M,[385],0.081151987,8200,830,8270,5,Rorb-IRES2-Cre-D_LURC-124656,C57BL/6J,VISp,385,Primary visual area,Rorb-IRES2-Cre,179697864.0,300929973,385
M,"[385, 425, 879, 894]",0.314177318,9980,1490,7920,5,378-1142,C57BL/6J,VISp,385,Primary visual area,,,113887868,385
M,[385],0.0331066638,9320,1250,3430,36,Tlx3-Cre_PL56-226271,,VISp,385,Primary visual area,Tlx3-Cre_PL56,265180449.0,503017948,385
F,[385],0.1124945724,8990,1050,8290,5,Trib2-2A-CreERT2-D-123726,B6.129,VISp,385,Primary visual area,Trib2-F2A-CreERT2,177838633.0,308879859,385
F,[385],0.0010357787671875,8910,840,3340,42,Ai75(T601)-208859,,VISp,385,Primary visual area,Ai75(RCL-nT),299863660.0,501837158,385
F,"[385, 394, 417, 533, 312782546]",0.0834376704,7870,1220,3680,36,Ntsr1-Cre_GN220-233656,,VISp,385,Primary visual area,Ntsr1-Cre_GN220,177837713.0,511817919,385
M,[385],0.5278938168,8740,1590,8140,5,C57BL/6-153762,C57BL/6J,VISp,385,Primary visual area,,,307557934,385
F,[385],0.02762890725,9510,1720,2920,35,Tlx3-Cre_PL56-246075,B6.FVB,VISp,385,Primary visual area,Tlx3-Cre_PL56,265180449.0,522636747,385
M,"[385, 409]",0.0458860206,9250,1430,9070,5,Penk-IRES2-Cre-neo-298362,unknown,VISp,385,Primary visual area,Penk-IRES2-Cre-neo,298725927.0,575772121,385
M,"[385, 402, 409]",0.03674057485,8690,1500,2300,42,Ai75(T601)-308094,,VISp,385,Primary visual area,Ai75(RCL-nT),299863660.0,585761377,385
M,[385],0.0584606162,8390,1040,8120,5,A930038C07Rik-Tg1-Cre-3924,C57BL/6J,VISp,385,Primary visual area,A930038C07Rik-Tg1-Cre,177838542.0,283020912,385
M,"[382, 385, 502, 726, 484682470]",0.1585755934,8480,1510,8120,5,378-1155,C57BL/6J,VISp,385,Primary visual area,,,114008926,385
F,"[385, 879, 894]",0.2252064892,9620,1460,3760,35,Emx1-IRES-Cre-255365,B6.129,VISp,385,Primary visual area,Emx1-IRES-Cre,177836119.0,536298726,385
M,"[385, 394, 417, 533, 312782546]",0.1335441786,7820,1150,3540,36,Tlx3-Cre_PL56-319679,,VISp,385,Primary visual area,Tlx3-Cre_PL56,265180449.0,597256577,385
F,"[385, 409]",0.017837103725,9190,1800,2280,42,Ai75(T601)-311794,,VISp,385,Primary visual area,Ai75(RCL-nT),299863660.0,589397775,385
M,[385],0.3140588164,8870,1740,8360,5,C57BL/6-154703,C57BL/6J,VISp,385,Primary visual area,,,309003780,385
F,"[385, 894]",0.02146006205,9890,1410,3250,36,Cux2-IRES-Cre-230161,C57BL/6J,VISp,385,Primary visual area,Cux2-IRES-Cre,177839022.0,506946046,385
M,"[385, 894]",0.2120955592,10030,1640,8110,5,Cux2-IRES-Cre-307,C57BL/6J,VISp,385,Primary visual area,Cux2-IRES-Cre,177839022.0,286302294,385
M,[385],0.03871535815,8370,930,8250,5,378-1853,C57BL/6J,VISp,385,Primary visual area,,,277712166,385
M,[385],0.0047398024625,9420,1860,8240,5,Ctgf-T2A-dgCre-325054,,VISp,385,Primary visual area,Ctgf-T2A-dgCre,309779993.0,605657236,385
M,[385],0.1685275228,8870,1560,3320,35,Emx1-IRES-Cre-191140,B6.129,VISp,385,Primary visual area,Emx1-IRES-Cre,177836119.0,479755622,385
F,[385],0.0943083008,9140,1620,3310,42,Ai75(RCL-nT)-207003,,VISp,385,Primary visual area,Ai75(RCL-nT),299863660.0,501711996,385
M,[385],0.013981313325,9040,1080,3330,36,Scnn1a-Tg3-Cre-227543,,VISp,385,Primary visual area,Scnn1a-Tg3-Cre,177837516.0,504099316,385
F,"[385, 894, 1037]",0.124728618,9390,1840,8190,5,Gpr26-Cre_KO250-123679,,VISp,385,Primary visual area,Gpr26-Cre_KO250,177839285.0,298404860,385
M,[385],0.2103427508,9650,1120,8490,5,Gad2-IRES-Cre-1145,C57BL/6J,VISp,385,Primary visual area,Gad2-IRES-Cre,177838584.0,167511639,385
M,"[385, 879, 894]",0.0764074052,9530,1210,3740,36,Rbp4-Cre_KL100-233301,C57BL/6J,VISp,385,Primary visual area,Rbp4-Cre_KL100,177838435.0,510417993,385
F,[385],0.0552280519,9270,1060,3430,36,Cux2-IRES-Cre-196737,,VISp,385,Primary visual area,Cux2-IRES-Cre,177839022.0,483014695,385
M,[385],0.1323604464,8990,1500,3510,35,Emx1-IRES-Cre-191139,B6.129,VISp,385,Primary visual area,Emx1-IRES-Cre,177836119.0,479701339,385
M,[385],0.02384042325,9610,1280,3310,36,Tlx3-Cre_PL56-232872,,VISp,385,Primary visual area,Tlx3-Cre_PL56,265180449.0,510582887,385
M,"[385, 879, 894]",0.2987955908,9470,1440,3890,36,Emx1-IRES-Cre-191137,B6.129,VISp,385,Primary visual area,Emx1-IRES-Cre,177836119.0,479984127,385
M,"[385, 879, 894]",0.017242709225,9670,1420,3180,35,A930038C07Rik-Tg1-Cre-255582,C57BL/6J,VISp,385,Primary visual area,A930038C07Rik-Tg1-Cre,177838542.0,536298009,385
F,"[385, 425, 894]",0.1890134624,10200,1970,8350,5,Trib2-2A-CreERT2-D-3274,B6.129,VISp,385,Primary visual area,Trib2-F2A-CreERT2,177838633.0,268320515,385
F,"[385, 879, 894]",0.0535932208,9680,1220,4210,36,Tlx3-Cre_PL56-232873,,VISp,385,Primary visual area,Tlx3-Cre_PL56,265180449.0,510835921,385
F,"[385, 409, 425, 894]",0.0677600616,9890,2020,8660,5,Penk-IRES2-Cre-neo-298368,unknown,VISp,385,Primary visual area,Penk-IRES2-Cre-neo,298725927.0,585910380,385
M,[385],0.1914851204,8200,950,8580,5,Cux2-IRES-Cre-120543,C57BL/6J,VISp,385,Primary visual area,Cux2-IRES-Cre,177839022.0,293472335,385
F,[385],0.0494450474,9200,1610,3340,42,Ai75(T601)-288214,,VISp,385,Primary visual area,Ai75(RCL-nT),299863660.0,565146821,385
M,"[385, 409, 425]",0.220694236,9590,1730,9290,5,C57BL/6-145450,C57BL/6J,VISp,385,Primary visual area,,,304565427,385
M,[385],0.001581774971875,9720,1940,2610,36,A930038C07Rik-Tg1-Cre-299921,C57BL/6J,VISp,385,Primary visual area,A930038C07Rik-Tg1-Cre,177838542.0,577241399,385
F,[385],0.0373642542,9910,1510,8530,5,Pvalb-IRES-Cre-5024,B6.129,VISp,385,Primary visual area,Pvalb-IRES-Cre,177837858.0,166562678,385
M,[385],0.0597378698,8790,1310,3390,35,Tlx3-Cre_PL56-254852,C57BL/6J,VISp,385,Primary visual area,Tlx3-Cre_PL56,265180449.0,531441947,385
F,[385],0.01990000005,9370,1670,8320,5,Penk-IRES2-Cre-neo-298367,unknown,VISp,385,Primary visual area,Penk-IRES2-Cre-neo,298725927.0,585931259,385
F,[385],0.065161915,8430,1470,3240,35,Rbp4-Cre_KL100-319623,,VISp,385,Primary visual area,Rbp4-Cre_KL100,177838435.0,596253012,385
F,[385],0.01423080785,9190,1530,8150,5,Efr3a-Cre_NO108-23,FVB.CD1(ICR),VISp,385,Primary visual area,Efr3a-Cre_NO108,182761781.0,267704653,385
M,[385],0.0681208633,8440,860,8160,5,378-1920,C57BL/6J,VISp,385,Primary visual area,,,277616630,385
F,"[385, 409]",0.006322057175,9000,1640,2400,42,Ai75(T601)-260737,C57BL/6J,VISp,385,Primary visual area,Ai75(RCL-nT),299863660.0,543297033,385
F,"[382, 385, 409, 502, 484682470]",0.0763924357,8870,1970,2550,36,Emx1-IRES-Cre-194298,B6.129,VISp,385,Primary visual area,Emx1-IRES-Cre,177836119.0,479982715,385
F,[385],0.0105243131,8750,1300,3200,36,A930038C07Rik-Tg1-Cre-212449,,VISp,385,Primary visual area,A930038C07Rik-Tg1-Cre,177838542.0,496252297,385
F,"[385, 879, 894]",0.0334296375,9690,1040,7300,5,A930038C07Rik-Tg1-Cre-3931,,VISp,385,Primary visual area,A930038C07Rik-Tg1-Cre,177838542.0,286836394,385
M,[385],0.0261185925,9430,1450,8290,5,Chrna2-Cre_OE25-3871,FVB.CD1(ICR),VISp,385,Primary visual area,Chrna2-Cre_OE25,182693192.0,278068196,385
F,[385],0.02970216095,8250,730,8370,5,Penk-IRES2-Cre-neo-368516,,VISp,385,Primary visual area,Penk-IRES2-Cre-neo,298725927.0,670657874,385
M,"[385, 533, 894]",0.00530382615,9130,890,7220,5,Chrna2-Cre_OE25-124949,FVB.CD1(ICR),VISp,385,Primary visual area,Chrna2-Cre_OE25,182693192.0,297627858,385
M,[385],0.0937516412,9250,1010,8210,5,Rorb-IRES2-Cre-D_LURC-132002,C57BL/6J,VISp,385,Primary visual area,Rorb-IRES2-Cre,179697864.0,301616660,385
F,[385],0.018558589525,9290,1670,8320,5,Nos1-CreERT2-122405,B6.129,VISp,385,Primary visual area,Nos1-CreERT2,177839406.0,308385516,385
F,[385],0.02642247335,9150,1210,3360,35,A930038C07Rik-Tg1-Cre-186363,,VISp,385,Primary visual area,A930038C07Rik-Tg1-Cre,177838542.0,478256439,385
M,[385],0.0269665718,9040,1100,8900,5,Sepw1-Cre_NP39-174464,,VISp,385,Primary visual area,Sepw1-Cre_NP39,301613169.0,477269754,385
F,[385],0.02481324965,9440,1270,8150,5,Tlx3-Cre_LURC-3605,,VISp,385,Primary visual area,Tlx3-Cre_PL56,265180449.0,288171964,385
F,"[385, 879, 894]",0.149606261,9840,1570,3660,35,Tlx3-Cre_PL56-313272,,VISp,385,Primary visual area,Tlx3-Cre_PL56,265180449.0,591169915,385
F,[385],0.00326333844375,8290,1130,3300,35,Rbp4-Cre_KL100-289386,unknown,VISp,385,Primary visual area,Rbp4-Cre_KL100,177838435.0,566992832,385
F,"[385, 417]",0.0324413516,8010,1340,3000,36,Tlx3-Cre_PL56-226275,,VISp,385,Primary visual area,Tlx3-Cre_PL56,265180449.0,503058936,385
M,"[385, 879, 894]",0.0981237446,9110,1190,4020,35,Ntsr1-Cre_GN220-245425,,VISp,385,Primary visual area,Ntsr1-Cre_GN220,177837713.0,523714193,385
M,[385],0.03188078915,8720,1510,3340,36,Ntsr1-Cre_GN220-204250,,VISp,385,Primary visual area,Ntsr1-Cre_GN220,177837713.0,495753765,385
F,[385],0.1024400076,9400,1780,3180,35,Emx1-IRES-Cre-255363,,VISp,385,Primary visual area,Emx1-IRES-Cre,177836119.0,535692871,385
M,[385],0.0823954404,8280,1530,8290,5,Syt6-Cre-654,C57BL/6J,VISp,385,Primary visual area,Syt6-Cre_KI148,177839216.0,159330030,385
F,[385],0.0245048265,9720,1380,8480,5,Rorb-IRES2-Cre-D-688,,VISp,385,Primary visual area,Rorb-IRES2-Cre,179697864.0,287224335,385
M,[385],0.0549243254,8360,900,8230,5,378-1925,C57BL/6J,VISp,385,Primary visual area,,,277714322,385
M,[385],0.0053502346625,9120,1170,3230,35,Scnn1a-Tg3-Cre-189170,B6.C3H,VISp,385,Primary visual area,Scnn1a-Tg3-Cre,177837516.0,479085232,385
M,[385],0.4885201608,8780,1850,8650,5,C57BL/6-152139,C57BL/6J,VISp,385,Primary visual area,,,307137980,385
F,"[385, 879, 886, 894]",0.02836379945,9400,890,3870,35,A930038C07Rik-Tg1-Cre-249275,C57BL/6J,VISp,385,Primary visual area,A930038C07Rik-Tg1-Cre,177838542.0,527576192,385
M,[385],0.0894132792,9440,1270,8460,5,C57BL/6-145451,C57BL/6J,VISp,385,Primary visual area,,,304585910,385
M,"[385, 879, 894]",0.1707563172,9580,1620,3570,35,Cux2-IRES-Cre-246906,,VISp,385,Primary visual area,Cux2-IRES-Cre,177839022.0,524666049,385
M,"[385, 879, 894]",0.1946487172,9330,1510,3730,36,Emx1-IRES-Cre-212770,,VISp,385,Primary visual area,Emx1-IRES-Cre,177836119.0,501115762,385
M,"[385, 409, 425]",1.0830299872,9450,2180,8700,5,C57BL/6-155459,C57BL/6J,VISp,385,Primary visual area,,,309004492,385
F,[385],0.139805379,8630,1020,8420,5,Pvalb-T2A-CreERT2-337655,,VISp,385,Primary visual area,Pvalb-T2A-CreERT2,177838104.0,637365535,385
M,"[385, 894]",0.115881178,9470,1660,3050,35,Rbp4-Cre_KL100-326692,,VISp,385,Primary visual area,Rbp4-Cre_KL100,177838435.0,603479758,385
F,[385],0.00706817405,8920,1230,8160,5,Slc17a8-IRES2-Cre-336352,,VISp,385,Primary visual area,Slc17a8-IRES2-Cre,310459452.0,623438145,385
F,"[385, 417]",0.001631038346875,8440,1390,2750,42,Ai75(T601)-256357,C57BL/6J,VISp,385,Primary visual area,Ai75(RCL-nT),299863660.0,539323512,385
M,"[385, 533, 879, 894]",0.0058722512625,8770,830,4000,36,Scnn1a-Tg3-Cre-195225,,VISp,385,Primary visual area,Scnn1a-Tg3-Cre,177837516.0,482640524,385
M,[385],0.786978808,8740,1460,7850,5,C57BL/6-155460,C57BL/6J,VISp,385,Primary visual area,,,309113907,385
F,[385],0.0316486933,8770,1340,2990,36,Tlx3-Cre_PL56-226276,,VISp,385,Primary visual area,Tlx3-Cre_PL56,265180449.0,502140653,385
F,[385],0.1487839724,8770,1510,3370,35,Emx1-IRES-Cre-255366,B6.129,VISp,385,Primary visual area,Emx1-IRES-Cre,177836119.0,536299435,385
F,[385],0.0474254977,9190,1140,8370,5,A930038C07Rik-Tg1-Cre-3765,C57BL/6J,VISp,385,Primary visual area,A930038C07Rik-Tg1-Cre,177838542.0,158255941,385
M,"[385, 409]",0.0272920935,8960,1520,9170,5,Nr5a1-Cre-2522,B6.FVB,VISp,385,Primary visual area,Nr5a1-Cre,177839331.0,266177248,385
F,[385],0.1190322406,9680,1220,8450,5,Etv1-CreERT2-1177,C57BL/6J,VISp,385,Primary visual area,Etv1-CreERT2,177838361.0,156494530,385
M,"[385, 394, 417, 533, 312782546]",0.141207955,7900,750,3450,35,Emx1-IRES-Cre-363520,,VISp,385,Primary visual area,Emx1-IRES-Cre,177836119.0,657042668,385
F,"[385, 402, 409, 417]",0.00510468035,8450,1510,2430,42,Ai75(T503)-304285,,VISp,385,Primary visual area,Ai75(RCL-nT),299863660.0,580594514,385
M,[385],0.0524025845,8250,730,8300,5,378-1924,C57BL/6J,VISp,385,Primary visual area,,,277713580,385
M,[385],0.2226931812,8550,1460,3350,36,Emx1-IRES-Cre-191136,B6.129,VISp,385,Primary visual area,Emx1-IRES-Cre,177836119.0,479983421,385
M,"[385, 879, 894]",0.0640483165,9710,1710,3870,35,Tlx3-Cre_PL56-273877,,VISp,385,Primary visual area,Tlx3-Cre_PL56,265180449.0,554641575,385
M,[385],0.2109193436,8290,1340,3540,36,Emx1-IRES-Cre-212541,,VISp,385,Primary visual area,Emx1-IRES-Cre,177836119.0,501004474,385
F,[385],0.0700263508,8330,1400,3400,35,Emx1-IRES-Cre-282583,unknown,VISp,385,Primary visual area,Emx1-IRES-Cre,177836119.0,562061175,385
F,"[385, 409]",0.0358146635,9420,1800,8820,5,A930038C07Rik-Tg1-Cre-3957,C57BL/6J,VISp,385,Primary visual area,A930038C07Rik-Tg1-Cre,177838542.0,292793967,385
M,[385],0.0785351322,9950,1580,8630,5,Erbb4-2A-CreERT2-D-5751,C57BL/6J,VISp,385,Primary visual area,Erbb4-T2A-CreERT2,177838266.0,182184486,385
M,"[385, 409]",0.001193042353125,9320,1780,2540,36,A930038C07Rik-Tg1-Cre-249277,,VISp,385,Primary visual area,A930038C07Rik-Tg1-Cre,177838542.0,527575484,385
M,"[385, 879, 894]",0.203589316,9060,1370,7560,5,378-1349,C57BL/6J,VISp,385,Primary visual area,,,126862385,385
F,[385],0.1220100294,8590,1140,2770,36,Cux2-IRES-Cre-230158,C57BL/6J,VISp,385,Primary visual area,Cux2-IRES-Cre,177839022.0,506890448,385
F,[385],0.0930473544,9170,1520,3530,42,Ai75(T601)-207196,,VISp,385,Primary visual area,Ai75(RCL-nT),299863660.0,501786400,385
F,"[385, 533, 879, 894]",0.1267770728,9500,600,7000,5,Efr3a-Cre_NO108-83,FVB.CD1(ICR),VISp,385,Primary visual area,Efr3a-Cre_NO108,182761781.0,288168426,385
M,[385],0.0032535216,8960,1300,8090,5,Penk-IRES2-Cre-neo;Slc17a6-IRES2-FlpO-365245,,VISp,385,Primary visual area,Penk-IRES2-Cre-neo,298725927.0,671030719,385
F,[385],0.0418577551,9150,1230,8610,5,Rorb-IRES2-Cre-359147,,VISp,385,Primary visual area,Rorb-IRES2-Cre,179697864.0,656842599,385
F,[385],0.0431056038,9500,1150,8270,5,Rorb-IRES2-Cre-337571,,VISp,385,Primary visual area,Rorb-IRES2-Cre,179697864.0,623855077,385
F,[385],0.0228879147,8340,1460,8100,5,Ctgf-T2A-dgCre-335953,,VISp,385,Primary visual area,Ctgf-T2A-dgCre,309779993.0,627869431,385
M,"[385, 409]",0.792197112,9460,2030,8460,5,C57BL/6-152141,C57BL/6J,VISp,385,Primary visual area,,,307296433,385
M,"[385, 879, 894]",0.1878396576,9180,1260,3930,36,Emx1-IRES-Cre-265435,,VISp,385,Primary visual area,Emx1-IRES-Cre,177836119.0,546103149,385
M,[385],0.01650363365,8510,1020,8320,5,Rorb-IRES2-Cre-neo-347764,,VISp,385,Primary visual area,Rorb-IRES2-Cre-neo,517749378.0,648048922,385
M,[385],0.011038365975,8890,1390,3550,42,Ai75(T601)-210984,,VISp,385,Primary visual area,Ai75(RCL-nT),299863660.0,501923898,385
F,[385],0.00245654119375,9130,1370,3170,35,Sim1-Cre_KJ18-324422,,VISp,385,Primary visual area,Sim1-Cre_KJ18,177837777.0,601486918,385
M,[385],0.01131337235,9100,1210,3400,36,Rbp4-Cre_KL100-238777,,VISp,385,Primary visual area,Rbp4-Cre_KL100,177838435.0,517072832,385
F,[385],0.0480481358,9290,1120,8270,5,Rbp4-Cre-48,,VISp,385,Primary visual area,Rbp4-Cre_KL100,177838435.0,121510421,385
F,"[385, 425, 894]",0.1270577938,9600,2140,2900,35,Emx1-IRES-Cre-315581,,VISp,385,Primary visual area,Emx1-IRES-Cre,177836119.0,593016678,385
M,[385],0.0766292282,8360,1460,2920,35,Tlx3-Cre_PL56-252235,,VISp,385,Primary visual area,Tlx3-Cre_PL56,265180449.0,529692491,385
F,"[385, 879, 894]",0.0317113692,9810,1910,3310,36,Ntsr1-Cre_GN220-235604,,VISp,385,Primary visual area,Ntsr1-Cre_GN220,177837713.0,514332492,385
F,"[385, 409]",0.0043676829875,9080,1740,2410,36,A930038C07Rik-Tg1-Cre-190112,,VISp,385,Primary visual area,A930038C07Rik-Tg1-Cre,177838542.0,479203646,385
F,"[385, 879, 894]",0.2377390624,9490,1440,3990,35,Cux2-IRES-Cre-280582,,VISp,385,Primary visual area,Cux2-IRES-Cre,177839022.0,560725737,385
M,"[385, 312782546]",0.0119634382,7980,1300,8120,5,Efr3a-Cre_NO108-73,FVB.CD1(ICR),VISp,385,Primary visual area,Efr3a-Cre_NO108,182761781.0,286773358,385
M,"[385, 409, 425]",0.202187328,9620,1720,9200,5,378-1407,C57BL/6J,VISp,385,Primary visual area,,,127138787,385
M,[385],0.0456806567,9350,1910,2970,35,Ntsr1-Cre_GN220-257917,,VISp,385,Primary visual area,Ntsr1-Cre_GN220,177837713.0,539738599,385
F,[385],0.02429098805,9780,1090,8490,5,Nos1-CreERT2-120349,B6.129,VISp,385,Primary visual area,Nos1-CreERT2,177839406.0,293116943,385
F,"[385, 879, 894]",0.1613077256,9570,1140,4280,36,Cux2-IRES-Cre-239319,,VISp,385,Primary visual area,Cux2-IRES-Cre,177839022.0,517077687,385
F,"[382, 385, 417, 312782546]",0.3529908648,8060,1340,3410,35,Cux2-IRES-Cre-346555,,VISp,385,Primary visual area,Cux2-IRES-Cre,177839022.0,643483018,385
F,[385],0.03184096195,9640,1070,8430,5,Nos1-CreERT2-182,B6.129,VISp,385,Primary visual area,Nos1-CreERT2,177839406.0,267931685,385
M,[385],0.0685708254,9290,1600,3020,36,Rbp4-Cre_KL100-227917,,VISp,385,Primary visual area,Rbp4-Cre_KL100,177838435.0,503323656,385
F,[385],0.2334350788,9060,1290,3480,36,Cux2-IRES-Cre-214772,,VISp,385,Primary visual area,Cux2-IRES-Cre,177839022.0,501116471,385
M,[385],0.5185301128,9060,1450,7760,5,C57BL/6-154701,C57BL/6J,VISp,385,Primary visual area,,,307593747,385
M,[385],0.0231274757,8470,1510,8070,5,Ctgf-T2A-dgCre-335948,,VISp,385,Primary visual area,Ctgf-T2A-dgCre,309779993.0,626118851,385
M,[385],0.0614102398,8750,1310,2810,35,Scnn1a-Tg3-Cre-371018,,VISp,385,Primary visual area,Scnn1a-Tg3-Cre,177837516.0,666909423,385
M,[385],0.0676115671,9550,1040,8260,5,Sst-IRES-Cre-230,C57BL/6J,VISp,385,Primary visual area,Sst-IRES-Cre,177838710.0,288261928,385
M,"[385, 879, 894]",0.1299575452,9790,1150,7230,5,378-1764,C57BL/6J,VISp,385,Primary visual area,,,174361040,385
M,[385],0.2042788832,8800,910,8070,5,378-602,C57BL/6J,VISp,385,Primary visual area,,,100141219,385
M,[385],0.063352198,8820,1660,3080,42,Ai75(T601)-284174,,VISp,385,Primary visual area,Ai75(RCL-nT),299863660.0,561918178,385
F,"[329, 385, 394, 417, 533, 312782546]",0.02916804135,8030,1120,3280,36,A930038C07Rik-Tg1-Cre-350976,,VISp,385,Primary visual area,A930038C07Rik-Tg1-Cre,177838542.0,646527844,385
M,[385],0.0236976446,9980,1200,8360,5,Vip-IRES-Cre-192,,VISp,385,Primary visual area,Vip-IRES-Cre,177838622.0,182293273,385
F,"[385, 409]",0.1484338086,8550,1860,2590,35,Cux2-IRES-Cre-247055,C57BL/6J,VISp,385,Primary visual area,Cux2-IRES-Cre,177839022.0,526501457,385
F,"[385, 417]",0.002334406703125,8230,1290,2920,35,Sim1-Cre_KJ18-324773,,VISp,385,Primary visual area,Sim1-Cre_KJ18,177837777.0,602166541,385
F,[385],0.1705708816,8650,1450,7860,5,Ntsr1-Cre-3672,C57BL/6J,VISp,385,Primary visual area,Ntsr1-Cre_GN220,177837713.0,181258571,385
F,"[385, 409, 425]",0.1896128696,9370,2200,2580,35,Cux2-IRES-Cre-314804,,VISp,385,Primary visual area,Cux2-IRES-Cre,177839022.0,591623061,385
F,[385],0.0094927847,9490,1260,8170,5,Rorb-IRES2-Cre-neo-330781,,VISp,385,Primary visual area,Rorb-IRES2-Cre-neo,517749378.0,616677276,385
M,"[385, 894]",0.0060511122875,9790,1380,8140,5,Rbp4-Cre_KL100-277,B6.129,VISp,385,Primary visual area,Rbp4-Cre_KL100,177838435.0,272930013,385
F,[385],0.011434548125,9020,1120,3440,42,Ai75(T601)-207195,,VISp,385,Primary visual area,Ai75(RCL-nT),299863660.0,501787135,385
M,[385],0.0813999221,8580,980,8610,5,C57BL/6-144799,C57BL/6J,VISp,385,Primary visual area,,,304564721,385
M,"[385, 879, 894]",0.2356820816,9770,1060,7320,5,378-1867,C57BL/6J,VISp,385,Primary visual area,,,272782668,385
F,[385],0.000729690390625,8850,1210,3230,42,Ai75(T601)-256355,C57BL/6J,VISp,385,Primary visual area,Ai75(RCL-nT),299863660.0,539511058,385
F,"[385, 409]",0.0192506349,8940,1660,2480,35,A930038C07Rik-Tg1-Cre-242325,,VISp,385,Primary visual area,A930038C07Rik-Tg1-Cre,177838542.0,520019334,385
M,[385],0.078968988,8940,1060,8650,5,C57BL/6-144797,C57BL/6J,VISp,385,Primary visual area,,,304762965,385
F,[385],0.012721349375,9440,1210,8360,5,Nr5a1-Cre-2354,B6.FVB,VISp,385,Primary visual area,Nr5a1-Cre,177839331.0,157767683,385
M,"[385, 425, 879, 894, 1037, 484682508]",0.2162888224,9680,2100,8190,5,Npr3-IRES2-Cre-296841,unknown,VISp,385,Primary visual area,Npr3-IRES2-Cre,301467016.0,574950390,385
M,"[385, 425, 533, 879, 894]",0.7989729888,9410,640,4270,36,Emx1-IRES-Cre-305952,,VISp,385,Primary visual area,Emx1-IRES-Cre,177836119.0,584511827,385
M,[385],0.00134560094375,8310,1130,8020,5,Slc17a8-IRES2-Cre-356759,,VISp,385,Primary visual area,Slc17a8-IRES2-Cre,310459452.0,656657344,385
M,"[385, 879, 894]",0.0440423613,9660,1370,3550,36,Rbp4-Cre_KL100-233300,C57BL/6J,VISp,385,Primary visual area,Rbp4-Cre_KL100,177838435.0,510417255,385
F,[385],0.014149243675,9530,1310,8640,5,Cux2-IRES-Cre-198,,VISp,385,Primary visual area,Cux2-IRES-Cre,177839022.0,183471884,385
M,[385],0.00423855236875,8840,1470,3720,42,Ai75(T601)-264677,,VISp,385,Primary visual area,Ai75(RCL-nT),299863660.0,545799841,385
F,[385],0.0288728531,9450,1870,8320,5,Syt6-Cre-588,C57BL/6J,VISp,385,Primary visual area,Syt6-Cre_KI148,177839216.0,125435783,385
M,[385],0.1942056592,9440,1970,2940,36,Emx1-IRES-Cre-191138,B6.129,VISp,385,Primary visual area,Emx1-IRES-Cre,177836119.0,480069939,385
F,"[385, 533]",0.0382413346,9270,720,7360,5,Scnn1a-Tg3-Cre-4907,B6.C3H,VISp,385,Primary visual area,Scnn1a-Tg3-Cre,177837516.0,268040381,385
F,[385],0.0411973919,8430,1270,2750,42,Ai75(T601)-284206,,VISp,385,Primary visual area,Ai75(RCL-nT),299863660.0,563205064,385
F,[385],0.0183987944,8600,850,8200,5,Sepw1-Cre_NP39-210484,,VISp,385,Primary visual area,Sepw1-Cre_NP39,301613169.0,511234217,385
M,"[385, 409]",0.0047845511,9610,1910,2620,36,A930038C07Rik-Tg1-Cre-212451,,VISp,385,Primary visual area,A930038C07Rik-Tg1-Cre,177838542.0,496152279,385
M,"[385, 402, 409, 417]",0.9087897504,8740,1590,8140,5,C57BL/6-155461,C57BL/6J,VISp,385,Primary visual area,,,309372716,385
M,[385],0.07211526,9100,1240,3580,35,Cux2-IRES-Cre-196733,,VISp,385,Primary visual area,Cux2-IRES-Cre,177839022.0,483013787,385
M,"[385, 409, 502, 918, 926]",0.2095822316,9410,4990,8830,5,C57BL6J_OLD-339345,C57BL/6J,VISp,385,Primary visual area,,,638314843,385
M,[385],0.02765839055,8770,1330,2640,35,A930038C07Rik-Tg1-Cre-249403,,VISp,385,Primary visual area,A930038C07Rik-Tg1-Cre,177838542.0,526924964,385
F,[385],0.0427155687,8220,650,8150,5,Penk-IRES2-Cre-neo-363614,,VISp,385,Primary visual area,Penk-IRES2-Cre-neo,298725927.0,671033786,385
F,[385],0.0619028025,8070,710,8160,5,Nr5a1-Cre-2439,B6.FVB,VISp,385,Primary visual area,Nr5a1-Cre,177839331.0,176901480,385
M,[385],0.0658819896,8700,930,8220,5,Tlx3-Cre-123685,,VISp,385,Primary visual area,Tlx3-Cre_PL56,265180449.0,296052133,385
M,"[385, 894]",0.071878492,10180,1380,3620,36,Cux2-IRES-Cre-287719,,VISp,385,Primary visual area,Cux2-IRES-Cre,177839022.0,566732238,385
M,[385],0.0146920718,9560,1130,8480,5,Calb2-IRES-Cre-173,C57BL/6J,VISp,385,Primary visual area,Calb2-IRES-Cre,177837281.0,168515938,385
F,[385],0.0517806912,8600,1320,8280,5,Chrna2-Cre_OE25-3898,FVB.CD1(ICR),VISp,385,Primary visual area,Chrna2-Cre_OE25,182693192.0,292126180,385
F,"[385, 425, 879, 894, 1037, 484682508]",0.597899176,9720,2100,3400,36,Emx1-IRES-Cre-323879,,VISp,385,Primary visual area,Emx1-IRES-Cre,177836119.0,601476074,385
F,[385],0.017167989125,7960,1060,7970,5,Rbp4-Cre-189,C57BL/6J,VISp,385,Primary visual area,Rbp4-Cre_KL100,177838435.0,183173527,385
F,[385],0.001640992084375,8950,1520,3330,42,Ai75(T601)-251855,,VISp,385,Primary visual area,Ai75(RCL-nT),299863660.0,528964707,385
F,"[385, 394, 417, 533, 312782546]",0.105423941,7880,1100,3600,35,Rbp4-Cre_KL100-359552,,VISp,385,Primary visual area,Rbp4-Cre_KL100,177838435.0,656632388,385
M,[385],0.2408309036,9660,1260,8520,5,Gng7-Cre-969,C57BL/6J,VISp,385,Primary visual area,Gng7-Cre_KH71,177838302.0,157955639,385
M,"[385, 894]",0.0439855409,9930,1630,2970,36,Emx1-IRES-Cre-301200,,VISp,385,Primary visual area,Emx1-IRES-Cre,177836119.0,580150240,385
M,"[385, 1037]",0.011411248625,9730,1570,8080,5,Ctgf-2A-dgCre-neo-179276,,VISp,385,Primary visual area,Ctgf-T2A-dgCre,309779993.0,477475894,385
M,[385],0.0219538277,9130,760,7650,5,Nr5a1-Cre-2447,B6.FVB,VISp,385,Primary visual area,Nr5a1-Cre,177839331.0,177781745,385
F,[385],0.1637749736,9040,1450,3560,35,Emx1-IRES-Cre-194295,B6.129,VISp,385,Primary visual area,Emx1-IRES-Cre,177836119.0,479756361,385
M,[385],0.02616217065,8550,1450,3370,36,Ntsr1-Cre_GN220-235600,,VISp,385,Primary visual area,Ntsr1-Cre_GN220,177837713.0,514313871,385
F,"[385, 533, 894]",0.01806967855,9080,1090,7310,5,Syt6-Cre-2820,C57BL/6J,VISp,385,Primary visual area,Syt6-Cre_KI148,177839216.0,168097187,385
M,[385],0.015745487275,9210,1240,3400,42,Ai75(T601)-298137,,VISp,385,Primary visual area,Ai75(RCL-nT),299863660.0,574637452,385
F,[385],0.012798227925,8880,1240,3220,42,Ai75(T601)-286686,unknown,VISp,385,Primary visual area,Ai75(RCL-nT),299863660.0,563731437,385
M,[385],0.0011576905375,9400,1510,8810,5,Oxtr-T2A-Cre;Ai14-318593,unknown,VISp,385,Primary visual area,Oxtr-T2A-Cre,301021674.0,596571282,385
F,[385],0.0061021813125,8350,590,8160,5,Penk-IRES2-Cre-neo-343079,,VISp,385,Primary visual area,Penk-IRES2-Cre-neo,298725927.0,638978767,385
M,[385],0.0710987697,8690,1440,3090,36,Rbp4-Cre_KL100-227918,,VISp,385,Primary visual area,Rbp4-Cre_KL100,177838435.0,503069254,385
M,[385],0.22368353,8870,860,7920,5,Cux2-IRES-Cre-235,,VISp,385,Primary visual area,Cux2-IRES-Cre,177839022.0,263780729,385
M,[385],0.0315516733,9340,1850,8290,5,Ntsr1-Cre-3502,C57BL/6J,VISp,385,Primary visual area,Ntsr1-Cre_GN220,177837713.0,156545918,385
